<?xml version="1.0" encoding="UTF-8"?>
<project-private xmlns="http://www.netbeans.org/ns/project-private/1">
    <editor-bookmarks xmlns="http://www.netbeans.org/ns/editor-bookmarks/2" lastBookmarkId="0"/>
    <open-files xmlns="http://www.netbeans.org/ns/projectui-open-files/2">
        <group>
            <file>file:/C:/wamp/www/symfony3/src/BlogBundle/EventListener/LocaleListener.php</file>
            <file>file:/C:/wamp/www/symfony3/app/config/services.yml</file>
            <file>file:/C:/wamp/www/symfony3/app/Resources/Translations/messages.en.yml</file>
            <file>file:/C:/wamp/www/symfony3/src/BlogBundle/Controller/DefaultController.php</file>
            <file>file:/C:/wamp/www/symfony3/app/Resources/Translations/messages.es.yml</file>
            <file>file:/C:/wamp/www/symfony3/app/config/config.yml</file>
            <file>file:/C:/wamp/www/symfony3/src/BlogBundle/Resources/views/Entry/index.html.twig</file>
            <file>file:/C:/wamp/www/symfony3/src/BlogBundle/Controller/EntryController.php</file>
            <file>file:/C:/wamp/www/symfony3/src/BlogBundle/Resources/config/routing.yml</file>
            <file>file:/C:/wamp/www/symfony3/src/BlogBundle/Resources/views/layout.html.twig</file>
        </group>
    </open-files>
</project-private>
