<?xml version="1.0" encoding="utf-8"?>
<doctrine-mapping xmlns="http://doctrine-project.org/schemas/orm/doctrine-mapping" xmlns:xsi="http://www.w3.org/2001/XMLSchema-instance" xsi:schemaLocation="http://doctrine-project.org/schemas/orm/doctrine-mapping http://doctrine-project.org/schemas/orm/doctrine-mapping.xsd">
  <entity name="Entry" table="entries">
    <indexes>
      <index name="fk_entries_users" columns="user_id"/>
      <index name="fk_entries_categories" columns="category_id"/>
    </indexes>
    <id name="id" type="integer" column="id">
      <generator strategy="IDENTITY"/>
    </id>
    <field name="title" type="string" column="title" length="255" nullable="true">
      <options>
        <option name="fixed"/>
      </options>
    </field>
    <field name="content" type="text" column="content" length="65535" nullable="true">
      <options>
        <option name="fixed"/>
      </options>
    </field>
    <field name="status" type="string" column="status" length="20" nullable="true">
      <options>
        <option name="fixed"/>
      </options>
    </field>
    <field name="image" type="string" column="image" length="255" nullable="true">
      <options>
        <option name="fixed"/>
      </options>
    </field>
    <many-to-one field="category" target-entity="Categories" fetch="LAZY">
      <join-columns>
        <join-column name="category_id" referenced-column-name="id"/>
      </join-columns>
    </many-to-one>
    <many-to-one field="user" target-entity="Users" fetch="LAZY">
      <join-columns>
        <join-column name="user_id" referenced-column-name="id"/>
      </join-columns>
    </many-to-one>
  </entity>
</doctrine-mapping>
